{"cameraMode":{"drawMode":0,"name":"Shaded","section":"Shading Mode"},"sceneLighting":false,"audioPlay":false,"sceneViewState":{"showFog":true,"showMaterialUpdate":false,"showSkybox":true,"showFlares":true,"showImageEffects":true,"showParticleSystems":true},"in2DMode":false,"pivot":{"x":0.21970625221729279,"y":0.33849573135375979,"z":-1.0284976959228516},"rotation":{"x":-0.6996361613273621,"y":-0.003215209348127246,"z":0.0031483934726566078,"w":-0.7144851088523865},"size":4.426985740661621,"orthographic":false}