{"cameraMode":{"drawMode":0,"name":"Shaded","section":"Shading Mode"},"sceneLighting":false,"audioPlay":false,"sceneViewState":{"showFog":true,"showMaterialUpdate":false,"showSkybox":true,"showFlares":true,"showImageEffects":true,"showParticleSystems":true},"in2DMode":false,"pivot":{"x":-0.48826098442077639,"y":-0.26572757959365847,"z":-0.16957740485668183},"rotation":{"x":0.06396596878767014,"y":0.7318759560585022,"z":-0.06936899572610855,"w":0.6748732924461365},"size":2.13386869430542,"orthographic":false}